{"cameraMode":{"drawMode":0,"name":"Shaded","section":"Shading Mode"},"sceneLighting":false,"audioPlay":false,"sceneViewState":{"showFog":true,"showMaterialUpdate":false,"showSkybox":false,"showFlares":true,"showImageEffects":true,"showParticleSystems":true},"in2DMode":false,"pivot":{"x":-2.987881660461426,"y":0.5478722453117371,"z":0.0431365966796875},"rotation":{"x":-0.023997481912374498,"y":-0.008955172263085842,"z":0.00036093092057853937,"w":-0.9997534155845642},"size":1.6957354545593262,"orthographic":false}