{"cameraMode":{"drawMode":0,"name":"Shaded","section":"Shading Mode"},"sceneLighting":true,"audioPlay":false,"sceneViewState":{"showFog":true,"showMaterialUpdate":false,"showSkybox":true,"showFlares":true,"showImageEffects":true,"showParticleSystems":true},"in2DMode":false,"pivot":{"x":-1.172837495803833,"y":-0.7232065200805664,"z":5.787391662597656},"rotation":{"x":-0.1701333373785019,"y":0.025204718112945558,"z":-0.004141193814575672,"w":-0.9851820468902588},"size":30.677114486694337,"orthographic":false}