{"cameraMode":{"drawMode":0,"name":"Shaded","section":"Shading Mode"},"sceneLighting":false,"audioPlay":false,"sceneViewState":{"showFog":true,"showMaterialUpdate":false,"showSkybox":false,"showFlares":true,"showImageEffects":true,"showParticleSystems":true},"in2DMode":false,"pivot":{"x":305.3080749511719,"y":1052.853271484375,"z":0.0},"rotation":{"x":-0.000001934574129336397,"y":0.007542880717664957,"z":0.0002097602846333757,"w":-1.0000613927841187},"size":236.6431427001953,"orthographic":false}