{"cameraMode":{"drawMode":0,"name":"Shaded","section":"Shading Mode"},"sceneLighting":true,"audioPlay":false,"sceneViewState":{"showFog":true,"showMaterialUpdate":false,"showSkybox":true,"showFlares":true,"showImageEffects":true,"showParticleSystems":true},"in2DMode":false,"pivot":{"x":-14.288488388061524,"y":-6.538008689880371,"z":8.469205856323243},"rotation":{"x":-0.12460533529520035,"y":0.5703282952308655,"z":-0.08777572959661484,"w":-0.807260274887085},"size":27.15538787841797,"orthographic":false}