{"cameraMode":{"drawMode":0,"name":"Shaded","section":"Shading Mode"},"sceneLighting":true,"audioPlay":false,"sceneViewState":{"showFog":true,"showMaterialUpdate":false,"showSkybox":true,"showFlares":true,"showImageEffects":true,"showParticleSystems":true},"in2DMode":false,"pivot":{"x":185.98373413085938,"y":130.59701538085938,"z":-1.452972412109375},"rotation":{"x":-0.000001934574129336397,"y":0.007542880717664957,"z":0.0002097602846333757,"w":-1.0000613927841187},"size":106.20445251464844,"orthographic":false}