{"cameraMode":{"drawMode":0,"name":"Shaded","section":"Shading Mode"},"sceneLighting":true,"audioPlay":false,"sceneViewState":{"showFog":true,"showMaterialUpdate":false,"showSkybox":true,"showFlares":true,"showImageEffects":true,"showParticleSystems":true},"in2DMode":false,"pivot":{"x":-3.117846727371216,"y":1.2991083860397339,"z":0.11438548564910889},"rotation":{"x":-0.026996877044439317,"y":0.0014986011665314437,"z":0.000016725129171391018,"w":0.9996602535247803},"size":3.368847131729126,"orthographic":false}