{"cameraMode":{"drawMode":0,"name":"Shaded","section":"Shading Mode"},"sceneLighting":true,"audioPlay":false,"sceneViewState":{"showFog":true,"showMaterialUpdate":false,"showSkybox":true,"showFlares":true,"showImageEffects":true,"showParticleSystems":true},"in2DMode":false,"pivot":{"x":-1.2196228504180909,"y":2.7888989448547365,"z":-4.27752685546875},"rotation":{"x":-0.000001934574129336397,"y":0.007542880717664957,"z":0.0002097602846333757,"w":-1.0000613927841187},"size":12.093825340270996,"orthographic":false}