{"cameraMode":{"drawMode":0,"name":"Shaded","section":"Shading Mode"},"sceneLighting":true,"audioPlay":false,"sceneViewState":{"showFog":true,"showMaterialUpdate":false,"showSkybox":true,"showFlares":true,"showImageEffects":true,"showParticleSystems":true},"in2DMode":false,"pivot":{"x":0.502388060092926,"y":-0.47098785638809206,"z":10.52289867401123},"rotation":{"x":-0.06894440203905106,"y":-0.011915318667888642,"z":0.0010376758873462678,"w":-0.9976388812065125},"size":31.11359405517578,"orthographic":false}