{"cameraMode":{"drawMode":0,"name":"Shaded","section":"Shading Mode"},"sceneLighting":true,"audioPlay":false,"sceneViewState":{"showFog":true,"showMaterialUpdate":false,"showSkybox":true,"showFlares":true,"showImageEffects":true,"showParticleSystems":true},"in2DMode":false,"pivot":{"x":-2.364267349243164,"y":1.3210911750793458,"z":0.02739715576171875},"rotation":{"x":0.07034158706665039,"y":0.0523795410990715,"z":0.0038580168038606645,"w":-0.9962165355682373},"size":2.7927908897399904,"orthographic":false}