{"cameraMode":{"drawMode":0,"name":"Shaded","section":"Shading Mode"},"sceneLighting":true,"audioPlay":false,"sceneViewState":{"showFog":true,"showMaterialUpdate":false,"showSkybox":true,"showFlares":true,"showImageEffects":true,"showParticleSystems":true},"in2DMode":false,"pivot":{"x":-2.596357822418213,"y":0.16584092378616334,"z":-0.3164551854133606},"rotation":{"x":0.08539367467164993,"y":0.007472623139619827,"z":-0.0006404974265024066,"w":0.9963212013244629},"size":4.223039627075195,"orthographic":false}