{"cameraMode":{"drawMode":0,"name":"Shaded","section":"Shading Mode"},"sceneLighting":true,"audioPlay":false,"sceneViewState":{"showFog":true,"showMaterialUpdate":false,"showSkybox":true,"showFlares":true,"showImageEffects":true,"showParticleSystems":true},"in2DMode":false,"pivot":{"x":161.91445922851563,"y":88.42636108398438,"z":-1.815948486328125},"rotation":{"x":-0.000001934574129336397,"y":0.007542880717664957,"z":0.0002097602846333757,"w":-1.0000613927841187},"size":271.2591552734375,"orthographic":false}