{"cameraMode":{"drawMode":0,"name":"Shaded","section":"Shading Mode"},"sceneLighting":false,"audioPlay":false,"sceneViewState":{"showFog":true,"showMaterialUpdate":false,"showSkybox":false,"showFlares":true,"showImageEffects":true,"showParticleSystems":true},"in2DMode":false,"pivot":{"x":-2.842778205871582,"y":0.6346519589424133,"z":0.059238433837890628},"rotation":{"x":0.004500595852732658,"y":-0.0014608841156587005,"z":0.00020445471454877406,"w":-1.0000799894332886},"size":3.1178524494171144,"orthographic":true}