{"cameraMode":{"drawMode":0,"name":"Shaded","section":"Shading Mode"},"sceneLighting":false,"audioPlay":false,"sceneViewState":{"showFog":true,"showMaterialUpdate":false,"showSkybox":false,"showFlares":true,"showImageEffects":true,"showParticleSystems":true},"in2DMode":false,"pivot":{"x":-2.842778205871582,"y":0.6346519589424133,"z":0.059238433837890628},"rotation":{"x":0.04795810952782631,"y":0.032374873757362369,"z":-0.0015430750790983439,"w":0.9983505010604858},"size":3.1178524494171144,"orthographic":true}