{"cameraMode":{"drawMode":0,"name":"Shaded","section":"Shading Mode"},"sceneLighting":false,"audioPlay":false,"sceneViewState":{"showFog":true,"showMaterialUpdate":false,"showSkybox":false,"showFlares":true,"showImageEffects":true,"showParticleSystems":true},"in2DMode":false,"pivot":{"x":-2.842778205871582,"y":0.6346519589424133,"z":0.059238433837890628},"rotation":{"x":-0.08973067253828049,"y":-0.056687720119953158,"z":0.0052932375110685829,"w":-0.9944250583648682},"size":2.2957353591918947,"orthographic":true}